nodes,nlp,exact
7,53.13220869623141,756.8090725907176
8,352.3375626043406,9864.554924874792
9,2649.935359301545,21176.209872397583
10,182.72862915760024,56244.64081442338
