nodes,nlp,exact
7,1.9666185609002593,2.7846410583761947
12,2.0380107267563576,3.1072689575976105
17,3.09061303995118,10.24712725907874
22,2.297800196291057,13.512257289968211
27,2.343125283792045,20.846918358124633
32,356.02001668056715,154373.9398308114
37,437.41794076766814,40769.94301293702
42,276.7964300892478,452999.32044198894
47,706.4255439924314,6.779457147587512e6
52,745.8290398126463,3.3012040145018916e6
57,670.5347723909827,3.824821345983114e6
