solver_upper,solver_lower,Δp,seed,profit,market_share,num_evals,time,status
LD_MMA,Ipopt,nothing,1,763095.0244814962,5.473044706849988,58,5223.248332023621,4
LD_MMA,Ipopt,nothing,2,647615.6240026074,5.510982189555721,51,4742.689513921738,4
LD_MMA,Ipopt,nothing,3,785222.7713789152,5.496784911947918,52,4898.633311986923,4
LD_MMA,Ipopt,nothing,4,696144.0876179516,5.693404697323059,48,5097.842547178268,4
LD_MMA,Ipopt,nothing,5,777237.1560935642,5.465085022928578,31,3426.131083011627,4
LD_MMA,Ipopt,nothing,7,709407.5791562888,5.551524568785184,51,4731.625789880753,4
LD_MMA,Ipopt,nothing,8,829592.6036594185,5.503763274506792,54,5420.210821151733,4
LD_MMA,Ipopt,nothing,9,740503.4336833901,5.494251454803217,53,4863.309112071991,4
